{"accuracy": [0.5972544550895691, 0.8570168614387512, 0.9124689102172852, 0.9386300444602966, 0.9548474550247192, 0.9644782543182373, 0.9695284366607666, 0.9762002825737, 0.9785617589950562, 0.9827441573143005], "loss": [1.3637539148330688, 0.45331016182899475, 0.2724744975566864, 0.1877913624048233, 0.13630525767803192, 0.10909730941057205, 0.09149178117513657, 0.07152678072452545, 0.06707463413476944, 0.05243343487381935], "val_accuracy": [0.8312087655067444, 0.9127589464187622, 0.9377418756484985, 0.9424083828926086, 0.9462781548500061, 0.952595055103302, 0.9582290053367615, 0.9550990462303162, 0.9701798558235168, 0.9677896499633789], "val_loss": [0.5267457962036133, 0.26641231775283813, 0.19359442591667175, 0.1726495325565338, 0.17096096277236938, 0.15079110860824585, 0.13290949165821075, 0.15243875980377197, 0.09864429384469986, 0.12878207862377167]}